airlineCode,airlineIcons,airlineName,airportCode,airportName,codeShare,delayed,destinationAirportCode,destinationAirportName,destinationCountryCode,estimatedDate,estimatedTime,flight,flightNumber,lastUpdatedDateTime,operatedFlightNumber,operatingAirlineCode,operatingAirlineName,originAirportCode,originAirportName,originCountryCode,scheduledDate,scheduledTime,status,statusCode,temperatureC,temperatureF,weather,weatherIcon,airport,flight_type
Y4,Y4,Volaris,LAX,Los Angeles International Airport,False,False,TIJ,General Abelardo L. Rodriguez International Airport,MX,2026-04-30,08:00:00,Y4 9457,9457,2026-04-30T11:50:20.000Z,9457,Y4,Volaris,LAX,Los Angeles International Airport,US,2026-04-30,09:00:00,Scheduled,SC,16.0,60.8,Cloudy,07,LAX,departures
OO,OO|CI|LA|LY,SkyWest,LAX,Los Angeles International Airport,False,False,SAN,San Diego International Airport,US,2026-04-30,08:28:00,OO 4018,4018,2026-04-30T15:24:00.000Z,4018,OO,SkyWest,LAX,Los Angeles International Airport,US,2026-04-30,08:28:00,Departed,DP,16.0,60.8,Cloudy,07,LAX,departures
CI,CI,China Airlines,LAX,Los Angeles International Airport,True,False,SAN,San Diego International Airport,US,2026-04-30,08:28:00,CI 9152,9152,2026-04-30T15:24:00.000Z,4018,OO,SkyWest,LAX,Los Angeles International Airport,US,2026-04-30,08:28:00,Departed,DP,16.0,60.8,Cloudy,07,LAX,departures
LA,LA,LAN Airlines,LAX,Los Angeles International Airport,True,False,SAN,San Diego International Airport,US,2026-04-30,08:28:00,LA 6687,6687,2026-04-30T15:24:00.000Z,4018,OO,SkyWest,LAX,Los Angeles International Airport,US,2026-04-30,08:28:00,Departed,DP,16.0,60.8,Cloudy,07,LAX,departures
LY,LY,El Al Israel Airlines,LAX,Los Angeles International Airport,True,False,SAN,San Diego International Airport,US,2026-04-30,08:28:00,LY 4484,4484,2026-04-30T15:24:00.000Z,4018,OO,SkyWest,LAX,Los Angeles International Airport,US,2026-04-30,08:28:00,Departed,DP,16.0,60.8,Cloudy,07,LAX,departures
AA,AA,American Airlines,LAX,Los Angeles International Airport,False,False,CLE,Cleveland Hopkins International Airport,US,2026-04-30,08:30:00,AA 650,650,2026-04-30T14:59:34.000Z,650,AA,American Airlines,LAX,Los Angeles International Airport,US,2026-04-30,08:30:00,On Time,ON,16.0,60.8,Cloudy,07,LAX,departures
AC,AC|NZ|SN|UA,Air Canada,LAX,Los Angeles International Airport,False,False,YUL,Montreal / Pierre Elliott Trudeau International Airport,CA,2026-04-30,08:30:00,AC 776,776,2026-04-30T14:59:20.000Z,776,AC,Air Canada,LAX,Los Angeles International Airport,US,2026-04-30,08:30:00,Scheduled,SC,16.0,60.8,Cloudy,07,LAX,departures
AS,AS|IB|QF|TN,Alaska Airlines,LAX,Los Angeles International Airport,False,False,OGG,Kahului International Airport,US,2026-04-30,08:30:00,AS 933,933,2026-04-30T13:31:52.000Z,933,AS,Alaska Airlines,LAX,Los Angeles International Airport,US,2026-04-30,08:30:00,Scheduled,SC,16.0,60.8,Cloudy,07,LAX,departures
B6,B6|AD|SQ,JetBlue Airways,LAX,Los Angeles International Airport,False,False,FLL,Fort Lauderdale Hollywood International Airport,US,2026-04-30,08:30:00,B6 1700,1700,2026-04-30T15:25:30.000Z,1700,B6,JetBlue Airways,LAX,Los Angeles International Airport,US,2026-04-30,08:30:00,Scheduled,SC,16.0,60.8,Cloudy,07,LAX,departures
DL,DL|VS,Delta Air Lines,LAX,Los Angeles International Airport,False,True,IND,Indianapolis International Airport,US,2026-04-30,08:30:00,DL 909,909,2026-04-30T14:59:40.000Z,909,DL,Delta Air Lines,LAX,Los Angeles International Airport,US,2026-04-30,08:30:00,Delayed,DL,16.0,60.8,Cloudy,07,LAX,departures
NK,NK,Spirit Airlines,LAX,Los Angeles International Airport,False,False,LAS,Harry Reid International Airport,US,2026-04-30,08:30:00,NK 1010,1010,2026-04-30T15:04:46.000Z,1010,NK,Spirit Airlines,LAX,Los Angeles International Airport,US,2026-04-30,08:30:00,Scheduled,SC,16.0,60.8,Cloudy,07,LAX,departures
SY,SY,Sun Country Airlines,LAX,Los Angeles International Airport,False,False,KOA,Ellison Onizuka Kona International Airport at Keāhole,US,2026-04-30,08:30:00,SY 8501,8501,2026-04-30T14:59:27.000Z,8501,SY,Sun Country Airlines,LAX,Los Angeles International Airport,US,2026-04-30,08:30:00,Scheduled,SC,16.0,60.8,Cloudy,07,LAX,departures
OO,OO|CM,SkyWest,LAX,Los Angeles International Airport,False,False,SEA,Seattle–Tacoma International Airport,US,2026-04-30,08:30:00,OO 5873,5873,2026-04-30T14:59:36.000Z,5873,OO,SkyWest,LAX,Los Angeles International Airport,US,2026-04-30,08:30:00,Scheduled,SC,16.0,60.8,Cloudy,07,LAX,departures
WN,WN,Southwest Airlines,LAX,Los Angeles International Airport,False,False,HOU,William P. Hobby Airport,US,2026-04-30,08:30:00,WN 3828,3828,2026-04-30T14:59:24.000Z,3828,WN,Southwest Airlines,LAX,Los Angeles International Airport,US,2026-04-30,08:30:00,Scheduled,SC,16.0,60.8,Cloudy,07,LAX,departures
NZ,NZ,Air New Zealand,LAX,Los Angeles International Airport,True,False,YUL,Montreal / Pierre Elliott Trudeau International Airport,CA,2026-04-30,08:30:00,NZ 4718,4718,2026-04-30T14:59:20.000Z,776,AC,Air Canada,LAX,Los Angeles International Airport,US,2026-04-30,08:30:00,Scheduled,SC,16.0,60.8,Cloudy,07,LAX,departures
SN,SN,Brussels Airlines,LAX,Los Angeles International Airport,True,False,YUL,Montreal / Pierre Elliott Trudeau International Airport,CA,2026-04-30,08:30:00,SN 9598,9598,2026-04-30T14:59:20.000Z,776,AC,Air Canada,LAX,Los Angeles International Airport,US,2026-04-30,08:30:00,Scheduled,SC,16.0,60.8,Cloudy,07,LAX,departures
UA,UA,United Airlines,LAX,Los Angeles International Airport,True,False,YUL,Montreal / Pierre Elliott Trudeau International Airport,CA,2026-04-30,08:30:00,UA 8466,8466,2026-04-30T14:59:20.000Z,776,AC,Air Canada,LAX,Los Angeles International Airport,US,2026-04-30,08:30:00,Scheduled,SC,16.0,60.8,Cloudy,07,LAX,departures
IB,IB,Iberia Airlines,LAX,Los Angeles International Airport,True,False,OGG,Kahului International Airport,US,2026-04-30,08:30:00,IB 7316,7316,2026-04-30T13:31:52.000Z,933,AS,Alaska Airlines,LAX,Los Angeles International Airport,US,2026-04-30,08:30:00,Scheduled,SC,16.0,60.8,Cloudy,07,LAX,departures
QF,QF,Qantas,LAX,Los Angeles International Airport,True,False,OGG,Kahului International Airport,US,2026-04-30,08:30:00,QF 3555,3555,2026-04-30T13:31:52.000Z,933,AS,Alaska Airlines,LAX,Los Angeles International Airport,US,2026-04-30,08:30:00,Scheduled,SC,16.0,60.8,Cloudy,07,LAX,departures
TN,TN,Air Tahiti Nui,LAX,Los Angeles International Airport,True,False,OGG,Kahului International Airport,US,2026-04-30,08:30:00,TN 2717,2717,2026-04-30T13:31:52.000Z,933,AS,Alaska Airlines,LAX,Los Angeles International Airport,US,2026-04-30,08:30:00,Scheduled,SC,16.0,60.8,Cloudy,07,LAX,departures
AD,AD,Azul,LAX,Los Angeles International Airport,True,False,FLL,Fort Lauderdale Hollywood International Airport,US,2026-04-30,08:30:00,AD 7707,7707,2026-04-30T15:25:30.000Z,1700,B6,JetBlue Airways,LAX,Los Angeles International Airport,US,2026-04-30,08:30:00,Scheduled,SC,16.0,60.8,Cloudy,07,LAX,departures
SQ,SQ,Singapore Airlines,LAX,Los Angeles International Airport,True,False,FLL,Fort Lauderdale Hollywood International Airport,US,2026-04-30,08:30:00,SQ 1526,1526,2026-04-30T15:25:30.000Z,1700,B6,JetBlue Airways,LAX,Los Angeles International Airport,US,2026-04-30,08:30:00,Scheduled,SC,16.0,60.8,Cloudy,07,LAX,departures
VS,VS,Virgin Atlantic Airways,LAX,Los Angeles International Airport,True,True,IND,Indianapolis International Airport,US,2026-04-30,08:30:00,VS 2208,2208,2026-04-30T14:59:40.000Z,909,DL,Delta Air Lines,LAX,Los Angeles International Airport,US,2026-04-30,08:30:00,Delayed,DL,16.0,60.8,Cloudy,07,LAX,departures
CM,CM,Copa Airlines,LAX,Los Angeles International Airport,True,False,SEA,Seattle–Tacoma International Airport,US,2026-04-30,08:30:00,CM 2083,2083,2026-04-30T14:59:36.000Z,5873,OO,SkyWest,LAX,Los Angeles International Airport,US,2026-04-30,08:30:00,Scheduled,SC,16.0,60.8,Cloudy,07,LAX,departures
UA,UA|AC|AV|AZ,United Airlines,LAX,Los Angeles International Airport,False,False,LIH,Lihue Airport,US,2026-04-30,08:33:00,UA 1295,1295,2026-04-30T15:02:25.000Z,1295,UA,United Airlines,LAX,Los Angeles International Airport,US,2026-04-30,08:33:00,Scheduled,SC,16.0,60.8,Cloudy,07,LAX,departures
AC,AC,Air Canada,LAX,Los Angeles International Airport,True,False,LIH,Lihue Airport,US,2026-04-30,08:33:00,AC 3501,3501,2026-04-30T15:02:25.000Z,1295,UA,United Airlines,LAX,Los Angeles International Airport,US,2026-04-30,08:33:00,Scheduled,SC,16.0,60.8,Cloudy,07,LAX,departures
AV,AV,Avianca S.A. - Aerovias Nacionales de Colombia,LAX,Los Angeles International Airport,True,False,LIH,Lihue Airport,US,2026-04-30,08:33:00,AV 2259,2259,2026-04-30T15:02:25.000Z,1295,UA,United Airlines,LAX,Los Angeles International Airport,US,2026-04-30,08:33:00,Scheduled,SC,16.0,60.8,Cloudy,07,LAX,departures
AZ,AZ,ITA Airways,LAX,Los Angeles International Airport,True,False,LIH,Lihue Airport,US,2026-04-30,08:33:00,AZ 4438,4438,2026-04-30T15:02:25.000Z,1295,UA,United Airlines,LAX,Los Angeles International Airport,US,2026-04-30,08:33:00,Scheduled,SC,16.0,60.8,Cloudy,07,LAX,departures
OO,OO|AS|PR|QF|TN,SkyWest,LAX,Los Angeles International Airport,False,False,DEN,Denver International Airport,US,2026-04-30,08:35:00,OO 4999,4999,2026-04-30T15:04:22.000Z,4999,OO,SkyWest,LAX,Los Angeles International Airport,US,2026-04-30,08:35:00,On Time,ON,16.0,60.8,Cloudy,07,LAX,departures
WN,WN,Southwest Airlines,LAX,Los Angeles International Airport,False,False,MSY,Louis Armstrong New Orleans International Airport,US,2026-04-30,08:35:00,WN 2870,2870,2026-04-30T15:04:32.000Z,2870,WN,Southwest Airlines,LAX,Los Angeles International Airport,US,2026-04-30,08:35:00,Scheduled,SC,16.0,60.8,Cloudy,07,LAX,departures
AS,AS,Alaska Airlines,LAX,Los Angeles International Airport,True,False,DEN,Denver International Airport,US,2026-04-30,08:35:00,AS 4266,4266,2026-04-30T15:04:22.000Z,4999,OO,SkyWest,LAX,Los Angeles International Airport,US,2026-04-30,08:35:00,On Time,ON,16.0,60.8,Cloudy,07,LAX,departures
PR,PR,Philippine Airlines,LAX,Los Angeles International Airport,True,False,DEN,Denver International Airport,US,2026-04-30,08:35:00,PR 3905,3905,2026-04-30T15:04:22.000Z,4999,OO,SkyWest,LAX,Los Angeles International Airport,US,2026-04-30,08:35:00,On Time,ON,16.0,60.8,Cloudy,07,LAX,departures
QF,QF,Qantas,LAX,Los Angeles International Airport,True,False,DEN,Denver International Airport,US,2026-04-30,08:35:00,QF 3306,3306,2026-04-30T15:04:22.000Z,4999,OO,SkyWest,LAX,Los Angeles International Airport,US,2026-04-30,08:35:00,On Time,ON,16.0,60.8,Cloudy,07,LAX,departures
TN,TN,Air Tahiti Nui,LAX,Los Angeles International Airport,True,False,DEN,Denver International Airport,US,2026-04-30,08:35:00,TN 1133,1133,2026-04-30T15:04:22.000Z,4999,OO,SkyWest,LAX,Los Angeles International Airport,US,2026-04-30,08:35:00,On Time,ON,16.0,60.8,Cloudy,07,LAX,departures
F9,F9|Y4,Frontier Airlines,LAX,Los Angeles International Airport,False,False,SMF,Sacramento International Airport,US,2026-04-30,08:36:00,F9 3315,3315,2026-04-30T15:05:27.000Z,3315,F9,Frontier Airlines,LAX,Los Angeles International Airport,US,2026-04-30,08:36:00,On Time,ON,16.0,60.8,Cloudy,07,LAX,departures
Y4,Y4,Volaris,LAX,Los Angeles International Airport,True,False,SMF,Sacramento International Airport,US,2026-04-30,08:36:00,Y4 2578,2578,2026-04-30T15:05:27.000Z,3315,F9,Frontier Airlines,LAX,Los Angeles International Airport,US,2026-04-30,08:36:00,On Time,ON,16.0,60.8,Cloudy,07,LAX,departures
DL,DL|CI|KE|LY|MU|VS,Delta Air Lines,LAX,Los Angeles International Airport,False,True,SFO,San Francisco International Airport,US,2026-04-30,08:40:00,DL 1715,1715,2026-04-30T15:15:33.000Z,1715,DL,Delta Air Lines,LAX,Los Angeles International Airport,US,2026-04-30,08:40:00,Delayed,DL,16.0,60.8,Cloudy,07,LAX,departures
OO,OO|CI|LY,SkyWest,LAX,Los Angeles International Airport,False,False,DEN,Denver International Airport,US,2026-04-30,08:40:00,OO 3694,3694,2026-04-30T15:10:14.000Z,3694,OO,SkyWest,LAX,Los Angeles International Airport,US,2026-04-30,08:40:00,On Time,ON,16.0,60.8,Cloudy,07,LAX,departures
XE,XE,ExpressJet,LAX,Los Angeles International Airport,False,False,CSW,Cabo San Lucas International Airport,MX,2026-04-30,08:40:00,XE 1084,1084,2026-04-30T09:40:20.000Z,1084,XE,ExpressJet,LAX,Los Angeles International Airport,US,2026-04-30,08:40:00,Diverted,DV,16.0,60.8,Cloudy,07,LAX,departures
CI,CI,China Airlines,LAX,Los Angeles International Airport,True,True,SFO,San Francisco International Airport,US,2026-04-30,08:40:00,CI 9169,9169,2026-04-30T15:15:33.000Z,1715,DL,Delta Air Lines,LAX,Los Angeles International Airport,US,2026-04-30,08:40:00,Delayed,DL,16.0,60.8,Cloudy,07,LAX,departures
KE,KE,Korean Air,LAX,Los Angeles International Airport,True,True,SFO,San Francisco International Airport,US,2026-04-30,08:40:00,KE 7247,7247,2026-04-30T15:15:33.000Z,1715,DL,Delta Air Lines,LAX,Los Angeles International Airport,US,2026-04-30,08:40:00,Delayed,DL,16.0,60.8,Cloudy,07,LAX,departures
LY,LY,El Al Israel Airlines,LAX,Los Angeles International Airport,True,True,SFO,San Francisco International Airport,US,2026-04-30,08:40:00,LY 4488,4488,2026-04-30T15:15:33.000Z,1715,DL,Delta Air Lines,LAX,Los Angeles International Airport,US,2026-04-30,08:40:00,Delayed,DL,16.0,60.8,Cloudy,07,LAX,departures
MU,MU,China Eastern Airlines,LAX,Los Angeles International Airport,True,True,SFO,San Francisco International Airport,US,2026-04-30,08:40:00,MU 8687,8687,2026-04-30T15:15:33.000Z,1715,DL,Delta Air Lines,LAX,Los Angeles International Airport,US,2026-04-30,08:40:00,Delayed,DL,16.0,60.8,Cloudy,07,LAX,departures
VS,VS,Virgin Atlantic Airways,LAX,Los Angeles International Airport,True,True,SFO,San Francisco International Airport,US,2026-04-30,08:40:00,VS 4105,4105,2026-04-30T15:15:33.000Z,1715,DL,Delta Air Lines,LAX,Los Angeles International Airport,US,2026-04-30,08:40:00,Delayed,DL,16.0,60.8,Cloudy,07,LAX,departures
CI,CI,China Airlines,LAX,Los Angeles International Airport,True,False,DEN,Denver International Airport,US,2026-04-30,08:40:00,CI 9889,9889,2026-04-30T15:10:14.000Z,3694,OO,SkyWest,LAX,Los Angeles International Airport,US,2026-04-30,08:40:00,On Time,ON,16.0,60.8,Cloudy,07,LAX,departures
LY,LY,El Al Israel Airlines,LAX,Los Angeles International Airport,True,False,DEN,Denver International Airport,US,2026-04-30,08:40:00,LY 4277,4277,2026-04-30T15:10:14.000Z,3694,OO,SkyWest,LAX,Los Angeles International Airport,US,2026-04-30,08:40:00,On Time,ON,16.0,60.8,Cloudy,07,LAX,departures
AS,AS|TN,Alaska Airlines,LAX,Los Angeles International Airport,False,False,SEA,Seattle–Tacoma International Airport,US,2026-04-30,08:45:00,AS 717,717,2026-04-30T15:14:33.000Z,717,AS,Alaska Airlines,LAX,Los Angeles International Airport,US,2026-04-30,08:45:00,Scheduled,SC,16.0,60.8,Cloudy,07,LAX,departures
UA,UA|AC|NZ|VA,United Airlines,LAX,Los Angeles International Airport,False,False,DEN,Denver International Airport,US,2026-04-30,08:45:00,UA 1912,1912,2026-04-30T15:14:35.000Z,1912,UA,United Airlines,LAX,Los Angeles International Airport,US,2026-04-30,08:45:00,Scheduled,SC,16.0,60.8,Cloudy,07,LAX,departures
TN,TN,Air Tahiti Nui,LAX,Los Angeles International Airport,True,False,SEA,Seattle–Tacoma International Airport,US,2026-04-30,08:45:00,TN 2440,2440,2026-04-30T15:14:33.000Z,717,AS,Alaska Airlines,LAX,Los Angeles International Airport,US,2026-04-30,08:45:00,Scheduled,SC,16.0,60.8,Cloudy,07,LAX,departures
AC,AC,Air Canada,LAX,Los Angeles International Airport,True,False,DEN,Denver International Airport,US,2026-04-30,08:45:00,AC 3888,3888,2026-04-30T15:14:35.000Z,1912,UA,United Airlines,LAX,Los Angeles International Airport,US,2026-04-30,08:45:00,Scheduled,SC,16.0,60.8,Cloudy,07,LAX,departures
NZ,NZ,Air New Zealand,LAX,Los Angeles International Airport,True,False,DEN,Denver International Airport,US,2026-04-30,08:45:00,NZ 9473,9473,2026-04-30T15:14:35.000Z,1912,UA,United Airlines,LAX,Los Angeles International Airport,US,2026-04-30,08:45:00,Scheduled,SC,16.0,60.8,Cloudy,07,LAX,departures
VA,VA,Virgin Australia,LAX,Los Angeles International Airport,True,False,DEN,Denver International Airport,US,2026-04-30,08:45:00,VA 8317,8317,2026-04-30T15:14:35.000Z,1912,UA,United Airlines,LAX,Los Angeles International Airport,US,2026-04-30,08:45:00,Scheduled,SC,16.0,60.8,Cloudy,07,LAX,departures
UA,UA|NZ,United Airlines,LAX,Los Angeles International Airport,False,False,BZN,Bozeman Yellowstone International Airport,US,2026-04-30,08:50:00,UA 594,594,2026-04-30T15:19:22.000Z,594,UA,United Airlines,LAX,Los Angeles International Airport,US,2026-04-30,08:50:00,Scheduled,SC,16.0,60.8,Cloudy,07,LAX,departures
NZ,NZ,Air New Zealand,LAX,Los Angeles International Airport,True,False,BZN,Bozeman Yellowstone International Airport,US,2026-04-30,08:50:00,NZ 2909,2909,2026-04-30T15:19:22.000Z,594,UA,United Airlines,LAX,Los Angeles International Airport,US,2026-04-30,08:50:00,Scheduled,SC,16.0,60.8,Cloudy,07,LAX,departures
UA,UA,United Airlines,LAX,Los Angeles International Airport,False,False,SJD,Los Cabos International Airport,MX,2026-04-30,08:51:00,UA 1185,1185,2026-04-30T15:20:29.000Z,1185,UA,United Airlines,LAX,Los Angeles International Airport,US,2026-04-30,08:51:00,Scheduled,SC,16.0,60.8,Cloudy,07,LAX,departures
AA,AA|MH|QF,American Airlines,LAX,Los Angeles International Airport,False,False,PIT,Pittsburgh International Airport,US,2026-04-30,08:55:00,AA 2523,2523,2026-04-30T15:24:27.000Z,2523,AA,American Airlines,LAX,Los Angeles International Airport,US,2026-04-30,08:55:00,On Time,ON,16.0,60.8,Cloudy,07,LAX,departures
DL,DL|AM|MU|VS,Delta Air Lines,LAX,Los Angeles International Airport,False,False,HNL,Daniel K. Inouye International Airport,US,2026-04-30,08:55:00,DL 480,480,2026-04-30T15:24:23.000Z,480,DL,Delta Air Lines,LAX,Los Angeles International Airport,US,2026-04-30,08:55:00,On Time,ON,16.0,60.8,Cloudy,07,LAX,departures
MH,MH,Malaysia Airlines,LAX,Los Angeles International Airport,True,False,PIT,Pittsburgh International Airport,US,2026-04-30,08:55:00,MH 9420,9420,2026-04-30T15:24:27.000Z,2523,AA,American Airlines,LAX,Los Angeles International Airport,US,2026-04-30,08:55:00,On Time,ON,16.0,60.8,Cloudy,07,LAX,departures
QF,QF,Qantas,LAX,Los Angeles International Airport,True,False,PIT,Pittsburgh International Airport,US,2026-04-30,08:55:00,QF 4704,4704,2026-04-30T15:24:27.000Z,2523,AA,American Airlines,LAX,Los Angeles International Airport,US,2026-04-30,08:55:00,On Time,ON,16.0,60.8,Cloudy,07,LAX,departures
AM,AM,AeroMéxico,LAX,Los Angeles International Airport,True,False,HNL,Daniel K. Inouye International Airport,US,2026-04-30,08:55:00,AM 4079,4079,2026-04-30T15:24:23.000Z,480,DL,Delta Air Lines,LAX,Los Angeles International Airport,US,2026-04-30,08:55:00,On Time,ON,16.0,60.8,Cloudy,07,LAX,departures
MU,MU,China Eastern Airlines,LAX,Los Angeles International Airport,True,False,HNL,Daniel K. Inouye International Airport,US,2026-04-30,08:55:00,MU 8823,8823,2026-04-30T15:24:23.000Z,480,DL,Delta Air Lines,LAX,Los Angeles International Airport,US,2026-04-30,08:55:00,On Time,ON,16.0,60.8,Cloudy,07,LAX,departures
VS,VS,Virgin Atlantic Airways,LAX,Los Angeles International Airport,True,False,HNL,Daniel K. Inouye International Airport,US,2026-04-30,08:55:00,VS 1687,1687,2026-04-30T15:24:23.000Z,480,DL,Delta Air Lines,LAX,Los Angeles International Airport,US,2026-04-30,08:55:00,On Time,ON,16.0,60.8,Cloudy,07,LAX,departures
OO,OO|NZ|SQ,SkyWest,LAX,Los Angeles International Airport,False,False,RNO,Reno Tahoe International Airport,US,2026-04-30,08:56:00,OO 5410,5410,2026-04-30T15:25:19.000Z,5410,OO,SkyWest,LAX,Los Angeles International Airport,US,2026-04-30,08:56:00,Scheduled,SC,16.0,60.8,Cloudy,07,LAX,departures
NZ,NZ,Air New Zealand,LAX,Los Angeles International Airport,True,False,RNO,Reno Tahoe International Airport,US,2026-04-30,08:56:00,NZ 6919,6919,2026-04-30T15:25:19.000Z,5410,OO,SkyWest,LAX,Los Angeles International Airport,US,2026-04-30,08:56:00,Scheduled,SC,16.0,60.8,Cloudy,07,LAX,departures
SQ,SQ,Singapore Airlines,LAX,Los Angeles International Airport,True,False,RNO,Reno Tahoe International Airport,US,2026-04-30,08:56:00,SQ 1650,1650,2026-04-30T15:25:19.000Z,5410,OO,SkyWest,LAX,Los Angeles International Airport,US,2026-04-30,08:56:00,Scheduled,SC,16.0,60.8,Cloudy,07,LAX,departures
AA,AA|AY|BA|GF|IB|QF|TN,American Airlines,LAX,Los Angeles International Airport,False,False,DFW,Dallas Fort Worth International Airport,US,2026-04-30,09:00:00,AA 1224,1224,2026-04-30T13:19:57.000Z,1224,AA,American Airlines,LAX,Los Angeles International Airport,US,2026-04-30,09:00:00,On Time,ON,16.0,60.8,Cloudy,07,LAX,departures
AS,AS|IB|TN,Alaska Airlines,LAX,Los Angeles International Airport,False,False,HNL,Daniel K. Inouye International Airport,US,2026-04-30,09:00:00,AS 888,888,2026-04-30T14:13:45.000Z,888,AS,Alaska Airlines,LAX,Los Angeles International Airport,US,2026-04-30,09:00:00,Scheduled,SC,16.0,60.8,Cloudy,07,LAX,departures
B6,B6|AT|BA|FI|JU|KQ|LO|SQ|TP,JetBlue Airways,LAX,Los Angeles International Airport,False,False,JFK,John F. Kennedy International Airport,US,2026-04-30,09:00:00,B6 424,424,2026-04-30T13:39:47.000Z,424,B6,JetBlue Airways,LAX,Los Angeles International Airport,US,2026-04-30,09:00:00,Scheduled,SC,16.0,60.8,Cloudy,07,LAX,departures
OO,OO|CI,SkyWest,LAX,Los Angeles International Airport,False,False,TUS,Tucson International Airport,US,2026-04-30,09:00:00,OO 3766,3766,2026-04-30T14:42:35.000Z,3766,OO,SkyWest,LAX,Los Angeles International Airport,US,2026-04-30,09:00:00,On Time,ON,16.0,60.8,Cloudy,07,LAX,departures
OO,OO,SkyWest,LAX,Los Angeles International Airport,False,False,ABQ,Albuquerque International Sunport,US,2026-04-30,09:00:00,OO 4108,4108,2026-04-30T15:04:51.000Z,4108,OO,SkyWest,LAX,Los Angeles International Airport,US,2026-04-30,09:00:00,On Time,ON,16.0,60.8,Cloudy,07,LAX,departures
Q6,Q6,Aero Condor Peru,LAX,Los Angeles International Airport,False,False,GUA,La Aurora International Airport,GT,2026-04-30,09:00:00,Q6 4063,4063,2026-04-30T13:08:50.000Z,4063,Q6,Aero Condor Peru,LAX,Los Angeles International Airport,US,2026-04-30,09:00:00,Scheduled,SC,16.0,60.8,Cloudy,07,LAX,departures
UA,UA|AC|AZ,United Airlines,LAX,Los Angeles International Airport,False,False,OGG,Kahului International Airport,US,2026-04-30,09:00:00,UA 417,417,2026-04-30T14:28:00.000Z,417,UA,United Airlines,LAX,Los Angeles International Airport,US,2026-04-30,09:00:00,Scheduled,SC,16.0,60.8,Cloudy,07,LAX,departures
UA,UA|NZ|SQ|VA,United Airlines,LAX,Los Angeles International Airport,False,False,BWI,Baltimore/Washington International Thurgood Marshall Airport,US,2026-04-30,09:00:00,UA 1093,1093,2026-04-30T15:14:53.000Z,1093,UA,United Airlines,LAX,Los Angeles International Airport,US,2026-04-30,09:00:00,Scheduled,SC,16.0,60.8,Cloudy,07,LAX,departures
UA,UA|NZ,United Airlines,LAX,Los Angeles International Airport,False,False,PIT,Pittsburgh International Airport,US,2026-04-30,09:00:00,UA 1680,1680,2026-04-30T15:20:08.000Z,1680,UA,United Airlines,LAX,Los Angeles International Airport,US,2026-04-30,09:00:00,Scheduled,SC,16.0,60.8,Cloudy,07,LAX,departures
UA,UA|AC|NZ|SQ|VA,United Airlines,LAX,Los Angeles International Airport,False,False,SMF,Sacramento International Airport,US,2026-04-30,09:00:00,UA 1949,1949,2026-04-30T15:11:23.000Z,1949,UA,United Airlines,LAX,Los Angeles International Airport,US,2026-04-30,09:00:00,Scheduled,SC,16.0,60.8,Cloudy,07,LAX,departures
AY,AY,Finnair,LAX,Los Angeles International Airport,True,False,DFW,Dallas Fort Worth International Airport,US,2026-04-30,09:00:00,AY 5684,5684,2026-04-30T13:19:57.000Z,1224,AA,American Airlines,LAX,Los Angeles International Airport,US,2026-04-30,09:00:00,On Time,ON,16.0,60.8,Cloudy,07,LAX,departures
BA,BA,British Airways,LAX,Los Angeles International Airport,True,False,DFW,Dallas Fort Worth International Airport,US,2026-04-30,09:00:00,BA 4748,4748,2026-04-30T13:19:57.000Z,1224,AA,American Airlines,LAX,Los Angeles International Airport,US,2026-04-30,09:00:00,On Time,ON,16.0,60.8,Cloudy,07,LAX,departures
GF,GF,Gulf Air,LAX,Los Angeles International Airport,True,False,DFW,Dallas Fort Worth International Airport,US,2026-04-30,09:00:00,GF 6696,6696,2026-04-30T13:19:57.000Z,1224,AA,American Airlines,LAX,Los Angeles International Airport,US,2026-04-30,09:00:00,On Time,ON,16.0,60.8,Cloudy,07,LAX,departures
IB,IB,Iberia Airlines,LAX,Los Angeles International Airport,True,False,DFW,Dallas Fort Worth International Airport,US,2026-04-30,09:00:00,IB 4252,4252,2026-04-30T13:19:57.000Z,1224,AA,American Airlines,LAX,Los Angeles International Airport,US,2026-04-30,09:00:00,On Time,ON,16.0,60.8,Cloudy,07,LAX,departures
QF,QF,Qantas,LAX,Los Angeles International Airport,True,False,DFW,Dallas Fort Worth International Airport,US,2026-04-30,09:00:00,QF 3125,3125,2026-04-30T13:19:57.000Z,1224,AA,American Airlines,LAX,Los Angeles International Airport,US,2026-04-30,09:00:00,On Time,ON,16.0,60.8,Cloudy,07,LAX,departures
TN,TN,Air Tahiti Nui,LAX,Los Angeles International Airport,True,False,DFW,Dallas Fort Worth International Airport,US,2026-04-30,09:00:00,TN 1317,1317,2026-04-30T13:19:57.000Z,1224,AA,American Airlines,LAX,Los Angeles International Airport,US,2026-04-30,09:00:00,On Time,ON,16.0,60.8,Cloudy,07,LAX,departures
IB,IB,Iberia Airlines,LAX,Los Angeles International Airport,True,False,HNL,Daniel K. Inouye International Airport,US,2026-04-30,09:00:00,IB 7303,7303,2026-04-30T14:13:45.000Z,888,AS,Alaska Airlines,LAX,Los Angeles International Airport,US,2026-04-30,09:00:00,Scheduled,SC,16.0,60.8,Cloudy,07,LAX,departures
TN,TN,Air Tahiti Nui,LAX,Los Angeles International Airport,True,False,HNL,Daniel K. Inouye International Airport,US,2026-04-30,09:00:00,TN 2716,2716,2026-04-30T14:13:45.000Z,888,AS,Alaska Airlines,LAX,Los Angeles International Airport,US,2026-04-30,09:00:00,Scheduled,SC,16.0,60.8,Cloudy,07,LAX,departures
AT,AT,Royal Air Maroc,LAX,Los Angeles International Airport,True,False,JFK,John F. Kennedy International Airport,US,2026-04-30,09:00:00,AT 9537,9537,2026-04-30T13:39:47.000Z,424,B6,JetBlue Airways,LAX,Los Angeles International Airport,US,2026-04-30,09:00:00,Scheduled,SC,16.0,60.8,Cloudy,07,LAX,departures
BA,BA,British Airways,LAX,Los Angeles International Airport,True,False,JFK,John F. Kennedy International Airport,US,2026-04-30,09:00:00,BA 8405,8405,2026-04-30T13:39:47.000Z,424,B6,JetBlue Airways,LAX,Los Angeles International Airport,US,2026-04-30,09:00:00,Scheduled,SC,16.0,60.8,Cloudy,07,LAX,departures
FI,FI,Icelandair,LAX,Los Angeles International Airport,True,False,JFK,John F. Kennedy International Airport,US,2026-04-30,09:00:00,FI 7944,7944,2026-04-30T13:39:47.000Z,424,B6,JetBlue Airways,LAX,Los Angeles International Airport,US,2026-04-30,09:00:00,Scheduled,SC,16.0,60.8,Cloudy,07,LAX,departures
JU,JU,Air Serbia,LAX,Los Angeles International Airport,True,False,JFK,John F. Kennedy International Airport,US,2026-04-30,09:00:00,JU 8524,8524,2026-04-30T13:39:47.000Z,424,B6,JetBlue Airways,LAX,Los Angeles International Airport,US,2026-04-30,09:00:00,Scheduled,SC,16.0,60.8,Cloudy,07,LAX,departures
KQ,KQ,Kenya Airways,LAX,Los Angeles International Airport,True,False,JFK,John F. Kennedy International Airport,US,2026-04-30,09:00:00,KQ 7271,7271,2026-04-30T13:39:47.000Z,424,B6,JetBlue Airways,LAX,Los Angeles International Airport,US,2026-04-30,09:00:00,Scheduled,SC,16.0,60.8,Cloudy,07,LAX,departures
LO,LO,LOT Polish Airlines,LAX,Los Angeles International Airport,True,False,JFK,John F. Kennedy International Airport,US,2026-04-30,09:00:00,LO 5764,5764,2026-04-30T13:39:47.000Z,424,B6,JetBlue Airways,LAX,Los Angeles International Airport,US,2026-04-30,09:00:00,Scheduled,SC,16.0,60.8,Cloudy,07,LAX,departures
SQ,SQ,Singapore Airlines,LAX,Los Angeles International Airport,True,False,JFK,John F. Kennedy International Airport,US,2026-04-30,09:00:00,SQ 1536,1536,2026-04-30T13:39:47.000Z,424,B6,JetBlue Airways,LAX,Los Angeles International Airport,US,2026-04-30,09:00:00,Scheduled,SC,16.0,60.8,Cloudy,07,LAX,departures
TP,TP,TAP Portugal,LAX,Los Angeles International Airport,True,False,JFK,John F. Kennedy International Airport,US,2026-04-30,09:00:00,TP 4536,4536,2026-04-30T13:39:47.000Z,424,B6,JetBlue Airways,LAX,Los Angeles International Airport,US,2026-04-30,09:00:00,Scheduled,SC,16.0,60.8,Cloudy,07,LAX,departures
CI,CI,China Airlines,LAX,Los Angeles International Airport,True,False,TUS,Tucson International Airport,US,2026-04-30,09:00:00,CI 9008,9008,2026-04-30T14:42:35.000Z,3766,OO,SkyWest,LAX,Los Angeles International Airport,US,2026-04-30,09:00:00,On Time,ON,16.0,60.8,Cloudy,07,LAX,departures
AC,AC,Air Canada,LAX,Los Angeles International Airport,True,False,OGG,Kahului International Airport,US,2026-04-30,09:00:00,AC 5059,5059,2026-04-30T14:28:00.000Z,417,UA,United Airlines,LAX,Los Angeles International Airport,US,2026-04-30,09:00:00,Scheduled,SC,16.0,60.8,Cloudy,07,LAX,departures
AZ,AZ,ITA Airways,LAX,Los Angeles International Airport,True,False,OGG,Kahului International Airport,US,2026-04-30,09:00:00,AZ 4439,4439,2026-04-30T14:28:00.000Z,417,UA,United Airlines,LAX,Los Angeles International Airport,US,2026-04-30,09:00:00,Scheduled,SC,16.0,60.8,Cloudy,07,LAX,departures
NZ,NZ,Air New Zealand,LAX,Los Angeles International Airport,True,False,BWI,Baltimore/Washington International Thurgood Marshall Airport,US,2026-04-30,09:00:00,NZ 6749,6749,2026-04-30T15:14:53.000Z,1093,UA,United Airlines,LAX,Los Angeles International Airport,US,2026-04-30,09:00:00,Scheduled,SC,16.0,60.8,Cloudy,07,LAX,departures
SQ,SQ,Singapore Airlines,LAX,Los Angeles International Airport,True,False,BWI,Baltimore/Washington International Thurgood Marshall Airport,US,2026-04-30,09:00:00,SQ 1637,1637,2026-04-30T15:14:53.000Z,1093,UA,United Airlines,LAX,Los Angeles International Airport,US,2026-04-30,09:00:00,Scheduled,SC,16.0,60.8,Cloudy,07,LAX,departures
VA,VA,Virgin Australia,LAX,Los Angeles International Airport,True,False,BWI,Baltimore/Washington International Thurgood Marshall Airport,US,2026-04-30,09:00:00,VA 8344,8344,2026-04-30T15:14:53.000Z,1093,UA,United Airlines,LAX,Los Angeles International Airport,US,2026-04-30,09:00:00,Scheduled,SC,16.0,60.8,Cloudy,07,LAX,departures
NZ,NZ,Air New Zealand,LAX,Los Angeles International Airport,True,False,PIT,Pittsburgh International Airport,US,2026-04-30,09:00:00,NZ 9732,9732,2026-04-30T15:20:08.000Z,1680,UA,United Airlines,LAX,Los Angeles International Airport,US,2026-04-30,09:00:00,Scheduled,SC,16.0,60.8,Cloudy,07,LAX,departures
AC,AC,Air Canada,LAX,Los Angeles International Airport,True,False,SMF,Sacramento International Airport,US,2026-04-30,09:00:00,AC 4523,4523,2026-04-30T15:11:23.000Z,1949,UA,United Airlines,LAX,Los Angeles International Airport,US,2026-04-30,09:00:00,Scheduled,SC,16.0,60.8,Cloudy,07,LAX,departures
NZ,NZ,Air New Zealand,LAX,Los Angeles International Airport,True,False,SMF,Sacramento International Airport,US,2026-04-30,09:00:00,NZ 9096,9096,2026-04-30T15:11:23.000Z,1949,UA,United Airlines,LAX,Los Angeles International Airport,US,2026-04-30,09:00:00,Scheduled,SC,16.0,60.8,Cloudy,07,LAX,departures
OO,OO|EI|JL|PD,SkyWest,LAX,Los Angeles International Airport,False,False,LAX,Los Angeles International Airport,US,2026-04-30,08:28:00,OO 4896,4896,2026-04-30T14:58:55.000Z,4896,OO,SkyWest,SEA,Seattle–Tacoma International Airport,US,2026-04-30,08:28:00,Arrived,AR,16.0,60.8,Cloudy,07,LAX,arrivals
EI,EI,Aer Lingus,LAX,Los Angeles International Airport,True,False,LAX,Los Angeles International Airport,US,2026-04-30,08:28:00,EI 7320,7320,2026-04-30T14:58:55.000Z,4896,OO,SkyWest,SEA,Seattle–Tacoma International Airport,US,2026-04-30,08:28:00,Arrived,AR,16.0,60.8,Cloudy,07,LAX,arrivals
JL,JL,Japan Airlines,LAX,Los Angeles International Airport,True,False,LAX,Los Angeles International Airport,US,2026-04-30,08:28:00,JL 7535,7535,2026-04-30T14:58:55.000Z,4896,OO,SkyWest,SEA,Seattle–Tacoma International Airport,US,2026-04-30,08:28:00,Arrived,AR,16.0,60.8,Cloudy,07,LAX,arrivals
PD,PD,Porter Airlines,LAX,Los Angeles International Airport,True,False,LAX,Los Angeles International Airport,US,2026-04-30,08:28:00,PD 6285,6285,2026-04-30T14:58:55.000Z,4896,OO,SkyWest,SEA,Seattle–Tacoma International Airport,US,2026-04-30,08:28:00,Arrived,AR,16.0,60.8,Cloudy,07,LAX,arrivals
OO,OO|EI|JL|PD|TN,SkyWest,LAX,Los Angeles International Airport,False,False,LAX,Los Angeles International Airport,US,2026-04-30,08:38:00,OO 6290,6290,2026-04-30T15:13:05.000Z,6290,OO,SkyWest,PDX,Portland International Airport,US,2026-04-30,08:38:00,Arrived,AR,16.0,60.8,Cloudy,07,LAX,arrivals
EI,EI,Aer Lingus,LAX,Los Angeles International Airport,True,False,LAX,Los Angeles International Airport,US,2026-04-30,08:38:00,EI 7314,7314,2026-04-30T15:13:05.000Z,6290,OO,SkyWest,PDX,Portland International Airport,US,2026-04-30,08:38:00,Arrived,AR,16.0,60.8,Cloudy,07,LAX,arrivals
JL,JL,Japan Airlines,LAX,Los Angeles International Airport,True,False,LAX,Los Angeles International Airport,US,2026-04-30,08:38:00,JL 7559,7559,2026-04-30T15:13:05.000Z,6290,OO,SkyWest,PDX,Portland International Airport,US,2026-04-30,08:38:00,Arrived,AR,16.0,60.8,Cloudy,07,LAX,arrivals
PD,PD,Porter Airlines,LAX,Los Angeles International Airport,True,False,LAX,Los Angeles International Airport,US,2026-04-30,08:38:00,PD 6264,6264,2026-04-30T15:13:05.000Z,6290,OO,SkyWest,PDX,Portland International Airport,US,2026-04-30,08:38:00,Arrived,AR,16.0,60.8,Cloudy,07,LAX,arrivals
TN,TN,Air Tahiti Nui,LAX,Los Angeles International Airport,True,False,LAX,Los Angeles International Airport,US,2026-04-30,08:38:00,TN 1179,1179,2026-04-30T15:13:05.000Z,6290,OO,SkyWest,PDX,Portland International Airport,US,2026-04-30,08:38:00,Arrived,AR,16.0,60.8,Cloudy,07,LAX,arrivals
OO,OO|AF|AM|CI|KE|KL|LA|VS,SkyWest,LAX,Los Angeles International Airport,False,False,LAX,Los Angeles International Airport,US,2026-04-30,08:17:00,OO 3725,3725,2026-04-30T15:18:36.000Z,3725,OO,SkyWest,BOI,Boise Air Terminal/Gowen Field,US,2026-04-30,08:28:00,Arrived,AR,16.0,60.8,Cloudy,07,LAX,arrivals
AF,AF,Air France,LAX,Los Angeles International Airport,True,False,LAX,Los Angeles International Airport,US,2026-04-30,08:17:00,AF 2985,2985,2026-04-30T15:18:36.000Z,3725,OO,SkyWest,BOI,Boise Air Terminal/Gowen Field,US,2026-04-30,08:28:00,Arrived,AR,16.0,60.8,Cloudy,07,LAX,arrivals
AM,AM,AeroMéxico,LAX,Los Angeles International Airport,True,False,LAX,Los Angeles International Airport,US,2026-04-30,08:17:00,AM 3444,3444,2026-04-30T15:18:36.000Z,3725,OO,SkyWest,BOI,Boise Air Terminal/Gowen Field,US,2026-04-30,08:28:00,Arrived,AR,16.0,60.8,Cloudy,07,LAX,arrivals
CI,CI,China Airlines,LAX,Los Angeles International Airport,True,False,LAX,Los Angeles International Airport,US,2026-04-30,08:17:00,CI 9139,9139,2026-04-30T15:18:36.000Z,3725,OO,SkyWest,BOI,Boise Air Terminal/Gowen Field,US,2026-04-30,08:28:00,Arrived,AR,16.0,60.8,Cloudy,07,LAX,arrivals
KE,KE,Korean Air,LAX,Los Angeles International Airport,True,False,LAX,Los Angeles International Airport,US,2026-04-30,08:17:00,KE 3253,3253,2026-04-30T15:18:36.000Z,3725,OO,SkyWest,BOI,Boise Air Terminal/Gowen Field,US,2026-04-30,08:28:00,Arrived,AR,16.0,60.8,Cloudy,07,LAX,arrivals
KL,KL,KLM Royal Dutch Airlines,LAX,Los Angeles International Airport,True,False,LAX,Los Angeles International Airport,US,2026-04-30,08:17:00,KL 6915,6915,2026-04-30T15:18:36.000Z,3725,OO,SkyWest,BOI,Boise Air Terminal/Gowen Field,US,2026-04-30,08:28:00,Arrived,AR,16.0,60.8,Cloudy,07,LAX,arrivals
LA,LA,LAN Airlines,LAX,Los Angeles International Airport,True,False,LAX,Los Angeles International Airport,US,2026-04-30,08:17:00,LA 6268,6268,2026-04-30T15:18:36.000Z,3725,OO,SkyWest,BOI,Boise Air Terminal/Gowen Field,US,2026-04-30,08:28:00,Arrived,AR,16.0,60.8,Cloudy,07,LAX,arrivals
VS,VS,Virgin Atlantic Airways,LAX,Los Angeles International Airport,True,False,LAX,Los Angeles International Airport,US,2026-04-30,08:17:00,VS 5489,5489,2026-04-30T15:18:36.000Z,3725,OO,SkyWest,BOI,Boise Air Terminal/Gowen Field,US,2026-04-30,08:28:00,Arrived,AR,16.0,60.8,Cloudy,07,LAX,arrivals
AA,AA|BA|EI|MH|TN,American Airlines,LAX,Los Angeles International Airport,False,False,LAX,Los Angeles International Airport,US,2026-04-30,08:37:00,AA 607,607,2026-04-30T15:22:02.000Z,607,AA,American Airlines,ORD,Chicago O'Hare International Airport,US,2026-04-30,08:37:00,Arrived,AR,16.0,60.8,Cloudy,07,LAX,arrivals
BA,BA,British Airways,LAX,Los Angeles International Airport,True,False,LAX,Los Angeles International Airport,US,2026-04-30,08:37:00,BA 4744,4744,2026-04-30T15:22:02.000Z,607,AA,American Airlines,ORD,Chicago O'Hare International Airport,US,2026-04-30,08:37:00,Arrived,AR,16.0,60.8,Cloudy,07,LAX,arrivals
EI,EI,Aer Lingus,LAX,Los Angeles International Airport,True,False,LAX,Los Angeles International Airport,US,2026-04-30,08:37:00,EI 7166,7166,2026-04-30T15:22:02.000Z,607,AA,American Airlines,ORD,Chicago O'Hare International Airport,US,2026-04-30,08:37:00,Arrived,AR,16.0,60.8,Cloudy,07,LAX,arrivals
MH,MH,Malaysia Airlines,LAX,Los Angeles International Airport,True,False,LAX,Los Angeles International Airport,US,2026-04-30,08:37:00,MH 9466,9466,2026-04-30T15:22:02.000Z,607,AA,American Airlines,ORD,Chicago O'Hare International Airport,US,2026-04-30,08:37:00,Arrived,AR,16.0,60.8,Cloudy,07,LAX,arrivals
TN,TN,Air Tahiti Nui,LAX,Los Angeles International Airport,True,False,LAX,Los Angeles International Airport,US,2026-04-30,08:37:00,TN 1111,1111,2026-04-30T15:22:02.000Z,607,AA,American Airlines,ORD,Chicago O'Hare International Airport,US,2026-04-30,08:37:00,Arrived,AR,16.0,60.8,Cloudy,07,LAX,arrivals
QX,QX|AA,Horizon Air,LAX,Los Angeles International Airport,False,False,LAX,Los Angeles International Airport,US,2026-04-30,08:20:00,QX 2121,2121,2026-04-30T15:24:32.000Z,2121,QX,Horizon Air,RDM,Roberts Field,US,2026-04-30,08:39:00,Arrived,AR,16.0,60.8,Cloudy,07,LAX,arrivals
QX,QX,Horizon Air,LAX,Los Angeles International Airport,False,False,LAX,Los Angeles International Airport,US,2026-04-30,08:39:00,QX 2121,2121,2026-04-30T15:24:21.000Z,2121,QX,Horizon Air,RDM,Roberts Field,US,2026-04-30,08:39:00,On Ground,OG,16.0,60.8,Cloudy,07,LAX,arrivals
AA,AA,American Airlines,LAX,Los Angeles International Airport,True,False,LAX,Los Angeles International Airport,US,2026-04-30,08:20:00,AA 7619,7619,2026-04-30T15:24:32.000Z,2121,QX,Horizon Air,RDM,Roberts Field,US,2026-04-30,08:39:00,Arrived,AR,16.0,60.8,Cloudy,07,LAX,arrivals
OO,OO|AV|CM|OS,SkyWest,LAX,Los Angeles International Airport,False,False,LAX,Los Angeles International Airport,US,2026-04-30,08:14:00,OO 5897,5897,2026-04-30T15:24:50.000Z,5897,OO,SkyWest,SBP,San Luis County Regional Airport,US,2026-04-30,08:30:00,Arrived,AR,16.0,60.8,Cloudy,07,LAX,arrivals
OO,OO|AA|JL|TN,SkyWest,LAX,Los Angeles International Airport,False,False,LAX,Los Angeles International Airport,US,2026-04-30,08:24:00,OO 3366,3366,2026-04-30T15:14:02.000Z,3366,OO,SkyWest,STS,Charles M. Schulz Sonoma County Airport,US,2026-04-30,08:46:00,Landed,LN,16.0,60.8,Cloudy,07,LAX,arrivals
AV,AV,Avianca S.A. - Aerovias Nacionales de Colombia,LAX,Los Angeles International Airport,True,False,LAX,Los Angeles International Airport,US,2026-04-30,08:14:00,AV 2373,2373,2026-04-30T15:24:50.000Z,5897,OO,SkyWest,SBP,San Luis County Regional Airport,US,2026-04-30,08:30:00,Arrived,AR,16.0,60.8,Cloudy,07,LAX,arrivals
CM,CM,Copa Airlines,LAX,Los Angeles International Airport,True,False,LAX,Los Angeles International Airport,US,2026-04-30,08:14:00,CM 1441,1441,2026-04-30T15:24:50.000Z,5897,OO,SkyWest,SBP,San Luis County Regional Airport,US,2026-04-30,08:30:00,Arrived,AR,16.0,60.8,Cloudy,07,LAX,arrivals
OS,OS,Austrian Airlines AG,LAX,Los Angeles International Airport,True,False,LAX,Los Angeles International Airport,US,2026-04-30,08:14:00,OS 7900,7900,2026-04-30T15:24:50.000Z,5897,OO,SkyWest,SBP,San Luis County Regional Airport,US,2026-04-30,08:30:00,Arrived,AR,16.0,60.8,Cloudy,07,LAX,arrivals
AA,AA,American Airlines,LAX,Los Angeles International Airport,True,False,LAX,Los Angeles International Airport,US,2026-04-30,08:24:00,AA 7513,7513,2026-04-30T15:14:02.000Z,3366,OO,SkyWest,STS,Charles M. Schulz Sonoma County Airport,US,2026-04-30,08:46:00,Landed,LN,16.0,60.8,Cloudy,07,LAX,arrivals
JL,JL,Japan Airlines,LAX,Los Angeles International Airport,True,False,LAX,Los Angeles International Airport,US,2026-04-30,08:24:00,JL 5410,5410,2026-04-30T15:14:02.000Z,3366,OO,SkyWest,STS,Charles M. Schulz Sonoma County Airport,US,2026-04-30,08:46:00,Landed,LN,16.0,60.8,Cloudy,07,LAX,arrivals
TN,TN,Air Tahiti Nui,LAX,Los Angeles International Airport,True,False,LAX,Los Angeles International Airport,US,2026-04-30,08:24:00,TN 2712,2712,2026-04-30T15:14:02.000Z,3366,OO,SkyWest,STS,Charles M. Schulz Sonoma County Airport,US,2026-04-30,08:46:00,Landed,LN,16.0,60.8,Cloudy,07,LAX,arrivals
OO,OO|KE|KL|LA|VS,SkyWest,LAX,Los Angeles International Airport,False,False,LAX,Los Angeles International Airport,US,2026-04-30,08:28:00,OO 4106,4106,2026-04-30T15:19:13.000Z,4106,OO,SkyWest,RNO,Reno Tahoe International Airport,US,2026-04-30,08:45:00,Arrived,AR,16.0,60.8,Cloudy,07,LAX,arrivals
KE,KE,Korean Air,LAX,Los Angeles International Airport,True,False,LAX,Los Angeles International Airport,US,2026-04-30,08:28:00,KE 7513,7513,2026-04-30T15:19:13.000Z,4106,OO,SkyWest,RNO,Reno Tahoe International Airport,US,2026-04-30,08:45:00,Arrived,AR,16.0,60.8,Cloudy,07,LAX,arrivals
KL,KL,KLM Royal Dutch Airlines,LAX,Los Angeles International Airport,True,False,LAX,Los Angeles International Airport,US,2026-04-30,08:28:00,KL 5973,5973,2026-04-30T15:19:13.000Z,4106,OO,SkyWest,RNO,Reno Tahoe International Airport,US,2026-04-30,08:45:00,Arrived,AR,16.0,60.8,Cloudy,07,LAX,arrivals
LA,LA,LAN Airlines,LAX,Los Angeles International Airport,True,False,LAX,Los Angeles International Airport,US,2026-04-30,08:28:00,LA 7005,7005,2026-04-30T15:19:13.000Z,4106,OO,SkyWest,RNO,Reno Tahoe International Airport,US,2026-04-30,08:45:00,Arrived,AR,16.0,60.8,Cloudy,07,LAX,arrivals
VS,VS,Virgin Atlantic Airways,LAX,Los Angeles International Airport,True,False,LAX,Los Angeles International Airport,US,2026-04-30,08:28:00,VS 5450,5450,2026-04-30T15:19:13.000Z,4106,OO,SkyWest,RNO,Reno Tahoe International Airport,US,2026-04-30,08:45:00,Arrived,AR,16.0,60.8,Cloudy,07,LAX,arrivals
AA,AA|MH|TN,American Airlines,LAX,Los Angeles International Airport,False,False,LAX,Los Angeles International Airport,US,2026-04-30,08:29:00,AA 3317,3317,2026-04-30T12:30:25.000Z,3317,AA,American Airlines,DFW,Dallas Fort Worth International Airport,US,2026-04-30,08:29:00,On Time,ON,16.0,60.8,Cloudy,07,LAX,arrivals
WN,WN,Southwest Airlines,LAX,Los Angeles International Airport,False,False,LAX,Los Angeles International Airport,US,2026-04-30,08:29:00,WN 894,894,2026-04-30T15:21:22.000Z,894,WN,Southwest Airlines,PHX,Phoenix Sky Harbor International Airport,US,2026-04-30,08:35:00,Landed,LN,16.0,60.8,Cloudy,07,LAX,arrivals
MH,MH,Malaysia Airlines,LAX,Los Angeles International Airport,True,False,LAX,Los Angeles International Airport,US,2026-04-30,08:29:00,MH 9537,9537,2026-04-30T12:30:25.000Z,3317,AA,American Airlines,DFW,Dallas Fort Worth International Airport,US,2026-04-30,08:29:00,On Time,ON,16.0,60.8,Cloudy,07,LAX,arrivals
TN,TN,Air Tahiti Nui,LAX,Los Angeles International Airport,True,False,LAX,Los Angeles International Airport,US,2026-04-30,08:29:00,TN 1193,1193,2026-04-30T12:30:25.000Z,3317,AA,American Airlines,DFW,Dallas Fort Worth International Airport,US,2026-04-30,08:29:00,On Time,ON,16.0,60.8,Cloudy,07,LAX,arrivals
DL,DL|AM|KE|LA|MU|VS|WS,Delta Air Lines,LAX,Los Angeles International Airport,False,False,LAX,Los Angeles International Airport,US,2026-04-30,08:30:00,DL 306,306,2026-04-30T12:36:27.000Z,306,DL,Delta Air Lines,AUS,Austin Bergstrom International Airport,US,2026-04-30,08:30:00,On Time,ON,16.0,60.8,Cloudy,07,LAX,arrivals
UA,UA|AV|CM|NZ|VA,United Airlines,LAX,Los Angeles International Airport,False,False,LAX,Los Angeles International Airport,US,2026-04-30,08:30:00,UA 1260,1260,2026-04-30T15:23:09.000Z,1260,UA,United Airlines,SFO,San Francisco International Airport,US,2026-04-30,08:57:00,Landed,LN,16.0,60.8,Cloudy,07,LAX,arrivals
AM,AM,AeroMéxico,LAX,Los Angeles International Airport,True,False,LAX,Los Angeles International Airport,US,2026-04-30,08:30:00,AM 3309,3309,2026-04-30T12:36:27.000Z,306,DL,Delta Air Lines,AUS,Austin Bergstrom International Airport,US,2026-04-30,08:30:00,On Time,ON,16.0,60.8,Cloudy,07,LAX,arrivals
KE,KE,Korean Air,LAX,Los Angeles International Airport,True,False,LAX,Los Angeles International Airport,US,2026-04-30,08:30:00,KE 7390,7390,2026-04-30T12:36:27.000Z,306,DL,Delta Air Lines,AUS,Austin Bergstrom International Airport,US,2026-04-30,08:30:00,On Time,ON,16.0,60.8,Cloudy,07,LAX,arrivals
LA,LA,LAN Airlines,LAX,Los Angeles International Airport,True,False,LAX,Los Angeles International Airport,US,2026-04-30,08:30:00,LA 6649,6649,2026-04-30T12:36:27.000Z,306,DL,Delta Air Lines,AUS,Austin Bergstrom International Airport,US,2026-04-30,08:30:00,On Time,ON,16.0,60.8,Cloudy,07,LAX,arrivals
MU,MU,China Eastern Airlines,LAX,Los Angeles International Airport,True,False,LAX,Los Angeles International Airport,US,2026-04-30,08:30:00,MU 8824,8824,2026-04-30T12:36:27.000Z,306,DL,Delta Air Lines,AUS,Austin Bergstrom International Airport,US,2026-04-30,08:30:00,On Time,ON,16.0,60.8,Cloudy,07,LAX,arrivals
VS,VS,Virgin Atlantic Airways,LAX,Los Angeles International Airport,True,False,LAX,Los Angeles International Airport,US,2026-04-30,08:30:00,VS 2065,2065,2026-04-30T12:36:27.000Z,306,DL,Delta Air Lines,AUS,Austin Bergstrom International Airport,US,2026-04-30,08:30:00,On Time,ON,16.0,60.8,Cloudy,07,LAX,arrivals
WS,WS,WestJet,LAX,Los Angeles International Airport,True,False,LAX,Los Angeles International Airport,US,2026-04-30,08:30:00,WS 7721,7721,2026-04-30T12:36:27.000Z,306,DL,Delta Air Lines,AUS,Austin Bergstrom International Airport,US,2026-04-30,08:30:00,On Time,ON,16.0,60.8,Cloudy,07,LAX,arrivals
AV,AV,Avianca S.A. - Aerovias Nacionales de Colombia,LAX,Los Angeles International Airport,True,False,LAX,Los Angeles International Airport,US,2026-04-30,08:30:00,AV 2011,2011,2026-04-30T15:23:09.000Z,1260,UA,United Airlines,SFO,San Francisco International Airport,US,2026-04-30,08:57:00,Landed,LN,16.0,60.8,Cloudy,07,LAX,arrivals
CM,CM,Copa Airlines,LAX,Los Angeles International Airport,True,False,LAX,Los Angeles International Airport,US,2026-04-30,08:30:00,CM 1069,1069,2026-04-30T15:23:09.000Z,1260,UA,United Airlines,SFO,San Francisco International Airport,US,2026-04-30,08:57:00,Landed,LN,16.0,60.8,Cloudy,07,LAX,arrivals
NZ,NZ,Air New Zealand,LAX,Los Angeles International Airport,True,False,LAX,Los Angeles International Airport,US,2026-04-30,08:30:00,NZ 9256,9256,2026-04-30T15:23:09.000Z,1260,UA,United Airlines,SFO,San Francisco International Airport,US,2026-04-30,08:57:00,Landed,LN,16.0,60.8,Cloudy,07,LAX,arrivals
VA,VA,Virgin Australia,LAX,Los Angeles International Airport,True,False,LAX,Los Angeles International Airport,US,2026-04-30,08:30:00,VA 8560,8560,2026-04-30T15:23:09.000Z,1260,UA,United Airlines,SFO,San Francisco International Airport,US,2026-04-30,08:57:00,Landed,LN,16.0,60.8,Cloudy,07,LAX,arrivals
DL,DL|KE|LA|MU|VS,Delta Air Lines,LAX,Los Angeles International Airport,False,False,LAX,Los Angeles International Airport,US,2026-04-30,08:31:00,DL 484,484,2026-04-30T15:25:14.000Z,484,DL,Delta Air Lines,MCO,Orlando International Airport,US,2026-04-30,08:43:00,On Ground,OG,16.0,60.8,Cloudy,07,LAX,arrivals
KE,KE,Korean Air,LAX,Los Angeles International Airport,True,False,LAX,Los Angeles International Airport,US,2026-04-30,08:31:00,KE 7540,7540,2026-04-30T15:25:14.000Z,484,DL,Delta Air Lines,MCO,Orlando International Airport,US,2026-04-30,08:43:00,On Ground,OG,16.0,60.8,Cloudy,07,LAX,arrivals
LA,LA,LAN Airlines,LAX,Los Angeles International Airport,True,False,LAX,Los Angeles International Airport,US,2026-04-30,08:31:00,LA 8629,8629,2026-04-30T15:25:14.000Z,484,DL,Delta Air Lines,MCO,Orlando International Airport,US,2026-04-30,08:43:00,On Ground,OG,16.0,60.8,Cloudy,07,LAX,arrivals
MU,MU,China Eastern Airlines,LAX,Los Angeles International Airport,True,False,LAX,Los Angeles International Airport,US,2026-04-30,08:31:00,MU 8793,8793,2026-04-30T15:25:14.000Z,484,DL,Delta Air Lines,MCO,Orlando International Airport,US,2026-04-30,08:43:00,On Ground,OG,16.0,60.8,Cloudy,07,LAX,arrivals
VS,VS,Virgin Atlantic Airways,LAX,Los Angeles International Airport,True,False,LAX,Los Angeles International Airport,US,2026-04-30,08:31:00,VS 5383,5383,2026-04-30T15:25:14.000Z,484,DL,Delta Air Lines,MCO,Orlando International Airport,US,2026-04-30,08:43:00,On Ground,OG,16.0,60.8,Cloudy,07,LAX,arrivals
AA,AA|BA|CX|EI|JL|PD|PR|QF|TN,American Airlines,LAX,Los Angeles International Airport,False,False,LAX,Los Angeles International Airport,US,2026-04-30,08:36:00,AA 2690,2690,2026-04-30T14:27:30.000Z,2690,AA,American Airlines,LAS,Harry Reid International Airport,US,2026-04-30,08:36:00,On Time,ON,16.0,60.8,Cloudy,07,LAX,arrivals
BA,BA,British Airways,LAX,Los Angeles International Airport,True,False,LAX,Los Angeles International Airport,US,2026-04-30,08:36:00,BA 4449,4449,2026-04-30T14:27:30.000Z,2690,AA,American Airlines,LAS,Harry Reid International Airport,US,2026-04-30,08:36:00,On Time,ON,16.0,60.8,Cloudy,07,LAX,arrivals
CX,CX,Cathay Pacific,LAX,Los Angeles International Airport,True,False,LAX,Los Angeles International Airport,US,2026-04-30,08:36:00,CX 7562,7562,2026-04-30T14:27:30.000Z,2690,AA,American Airlines,LAS,Harry Reid International Airport,US,2026-04-30,08:36:00,On Time,ON,16.0,60.8,Cloudy,07,LAX,arrivals
EI,EI,Aer Lingus,LAX,Los Angeles International Airport,True,False,LAX,Los Angeles International Airport,US,2026-04-30,08:36:00,EI 7301,7301,2026-04-30T14:27:30.000Z,2690,AA,American Airlines,LAS,Harry Reid International Airport,US,2026-04-30,08:36:00,On Time,ON,16.0,60.8,Cloudy,07,LAX,arrivals
JL,JL,Japan Airlines,LAX,Los Angeles International Airport,True,False,LAX,Los Angeles International Airport,US,2026-04-30,08:36:00,JL 7581,7581,2026-04-30T14:27:30.000Z,2690,AA,American Airlines,LAS,Harry Reid International Airport,US,2026-04-30,08:36:00,On Time,ON,16.0,60.8,Cloudy,07,LAX,arrivals
PD,PD,Porter Airlines,LAX,Los Angeles International Airport,True,False,LAX,Los Angeles International Airport,US,2026-04-30,08:36:00,PD 6275,6275,2026-04-30T14:27:30.000Z,2690,AA,American Airlines,LAS,Harry Reid International Airport,US,2026-04-30,08:36:00,On Time,ON,16.0,60.8,Cloudy,07,LAX,arrivals
PR,PR,Philippine Airlines,LAX,Los Angeles International Airport,True,False,LAX,Los Angeles International Airport,US,2026-04-30,08:36:00,PR 3900,3900,2026-04-30T14:27:30.000Z,2690,AA,American Airlines,LAS,Harry Reid International Airport,US,2026-04-30,08:36:00,On Time,ON,16.0,60.8,Cloudy,07,LAX,arrivals
QF,QF,Qantas,LAX,Los Angeles International Airport,True,False,LAX,Los Angeles International Airport,US,2026-04-30,08:36:00,QF 4515,4515,2026-04-30T14:27:30.000Z,2690,AA,American Airlines,LAS,Harry Reid International Airport,US,2026-04-30,08:36:00,On Time,ON,16.0,60.8,Cloudy,07,LAX,arrivals
TN,TN,Air Tahiti Nui,LAX,Los Angeles International Airport,True,False,LAX,Los Angeles International Airport,US,2026-04-30,08:36:00,TN 1163,1163,2026-04-30T14:27:30.000Z,2690,AA,American Airlines,LAS,Harry Reid International Airport,US,2026-04-30,08:36:00,On Time,ON,16.0,60.8,Cloudy,07,LAX,arrivals
OO,OO|AS|CX|JL|MH|QF|TN,SkyWest,LAX,Los Angeles International Airport,False,False,LAX,Los Angeles International Airport,US,2026-04-30,08:37:00,OO 6216,6216,2026-04-30T11:38:55.000Z,6216,OO,SkyWest,STL,St. Louis Lambert International Airport,US,2026-04-30,08:37:00,On Time,ON,16.0,60.8,Cloudy,07,LAX,arrivals
WN,WN,Southwest Airlines,LAX,Los Angeles International Airport,False,False,LAX,Los Angeles International Airport,US,2026-04-30,08:37:00,WN 2896,2896,2026-04-30T14:43:57.000Z,2896,WN,Southwest Airlines,MDW,Chicago Midway International Airport,US,2026-04-30,08:40:00,Scheduled,SC,16.0,60.8,Cloudy,07,LAX,arrivals
AS,AS,Alaska Airlines,LAX,Los Angeles International Airport,True,False,LAX,Los Angeles International Airport,US,2026-04-30,08:37:00,AS 4581,4581,2026-04-30T11:38:55.000Z,6216,OO,SkyWest,STL,St. Louis Lambert International Airport,US,2026-04-30,08:37:00,On Time,ON,16.0,60.8,Cloudy,07,LAX,arrivals
CX,CX,Cathay Pacific,LAX,Los Angeles International Airport,True,False,LAX,Los Angeles International Airport,US,2026-04-30,08:37:00,CX 7740,7740,2026-04-30T11:38:55.000Z,6216,OO,SkyWest,STL,St. Louis Lambert International Airport,US,2026-04-30,08:37:00,On Time,ON,16.0,60.8,Cloudy,07,LAX,arrivals
JL,JL,Japan Airlines,LAX,Los Angeles International Airport,True,False,LAX,Los Angeles International Airport,US,2026-04-30,08:37:00,JL 7537,7537,2026-04-30T11:38:55.000Z,6216,OO,SkyWest,STL,St. Louis Lambert International Airport,US,2026-04-30,08:37:00,On Time,ON,16.0,60.8,Cloudy,07,LAX,arrivals
MH,MH,Malaysia Airlines,LAX,Los Angeles International Airport,True,False,LAX,Los Angeles International Airport,US,2026-04-30,08:37:00,MH 9491,9491,2026-04-30T11:38:55.000Z,6216,OO,SkyWest,STL,St. Louis Lambert International Airport,US,2026-04-30,08:37:00,On Time,ON,16.0,60.8,Cloudy,07,LAX,arrivals
QF,QF,Qantas,LAX,Los Angeles International Airport,True,False,LAX,Los Angeles International Airport,US,2026-04-30,08:37:00,QF 4529,4529,2026-04-30T11:38:55.000Z,6216,OO,SkyWest,STL,St. Louis Lambert International Airport,US,2026-04-30,08:37:00,On Time,ON,16.0,60.8,Cloudy,07,LAX,arrivals
TN,TN,Air Tahiti Nui,LAX,Los Angeles International Airport,True,False,LAX,Los Angeles International Airport,US,2026-04-30,08:37:00,TN 1253,1253,2026-04-30T11:38:55.000Z,6216,OO,SkyWest,STL,St. Louis Lambert International Airport,US,2026-04-30,08:37:00,On Time,ON,16.0,60.8,Cloudy,07,LAX,arrivals
DL,DL|AF|AM|KE|MU|VS|WS,Delta Air Lines,LAX,Los Angeles International Airport,False,False,LAX,Los Angeles International Airport,US,2026-04-30,08:38:00,DL 2337,2337,2026-04-30T15:15:40.000Z,2337,DL,Delta Air Lines,MCI,Kansas City International Airport,US,2026-04-30,08:50:00,On Ground,OG,16.0,60.8,Cloudy,07,LAX,arrivals
UA,UA|AC|AV|CM|NZ|OZ,United Airlines,LAX,Los Angeles International Airport,False,False,LAX,Los Angeles International Airport,US,2026-04-30,08:38:00,UA 1527,1527,2026-04-30T14:15:04.000Z,1527,UA,United Airlines,SLC,Salt Lake City International Airport,US,2026-04-30,09:09:00,Scheduled,SC,16.0,60.8,Cloudy,07,LAX,arrivals
AF,AF,Air France,LAX,Los Angeles International Airport,True,False,LAX,Los Angeles International Airport,US,2026-04-30,08:38:00,AF 2159,2159,2026-04-30T15:15:40.000Z,2337,DL,Delta Air Lines,MCI,Kansas City International Airport,US,2026-04-30,08:50:00,On Ground,OG,16.0,60.8,Cloudy,07,LAX,arrivals
AM,AM,AeroMéxico,LAX,Los Angeles International Airport,True,False,LAX,Los Angeles International Airport,US,2026-04-30,08:38:00,AM 4906,4906,2026-04-30T15:15:40.000Z,2337,DL,Delta Air Lines,MCI,Kansas City International Airport,US,2026-04-30,08:50:00,On Ground,OG,16.0,60.8,Cloudy,07,LAX,arrivals
KE,KE,Korean Air,LAX,Los Angeles International Airport,True,False,LAX,Los Angeles International Airport,US,2026-04-30,08:38:00,KE 7534,7534,2026-04-30T15:15:40.000Z,2337,DL,Delta Air Lines,MCI,Kansas City International Airport,US,2026-04-30,08:50:00,On Ground,OG,16.0,60.8,Cloudy,07,LAX,arrivals
MU,MU,China Eastern Airlines,LAX,Los Angeles International Airport,True,False,LAX,Los Angeles International Airport,US,2026-04-30,08:38:00,MU 8792,8792,2026-04-30T15:15:40.000Z,2337,DL,Delta Air Lines,MCI,Kansas City International Airport,US,2026-04-30,08:50:00,On Ground,OG,16.0,60.8,Cloudy,07,LAX,arrivals
VS,VS,Virgin Atlantic Airways,LAX,Los Angeles International Airport,True,False,LAX,Los Angeles International Airport,US,2026-04-30,08:38:00,VS 2094,2094,2026-04-30T15:15:40.000Z,2337,DL,Delta Air Lines,MCI,Kansas City International Airport,US,2026-04-30,08:50:00,On Ground,OG,16.0,60.8,Cloudy,07,LAX,arrivals
WS,WS,WestJet,LAX,Los Angeles International Airport,True,False,LAX,Los Angeles International Airport,US,2026-04-30,08:38:00,WS 5431,5431,2026-04-30T15:15:40.000Z,2337,DL,Delta Air Lines,MCI,Kansas City International Airport,US,2026-04-30,08:50:00,On Ground,OG,16.0,60.8,Cloudy,07,LAX,arrivals
AC,AC,Air Canada,LAX,Los Angeles International Airport,True,False,LAX,Los Angeles International Airport,US,2026-04-30,08:38:00,AC 4300,4300,2026-04-30T14:15:04.000Z,1527,UA,United Airlines,SLC,Salt Lake City International Airport,US,2026-04-30,09:09:00,Scheduled,SC,16.0,60.8,Cloudy,07,LAX,arrivals
AV,AV,Avianca S.A. - Aerovias Nacionales de Colombia,LAX,Los Angeles International Airport,True,False,LAX,Los Angeles International Airport,US,2026-04-30,08:38:00,AV 2379,2379,2026-04-30T14:15:04.000Z,1527,UA,United Airlines,SLC,Salt Lake City International Airport,US,2026-04-30,09:09:00,Scheduled,SC,16.0,60.8,Cloudy,07,LAX,arrivals
CM,CM,Copa Airlines,LAX,Los Angeles International Airport,True,False,LAX,Los Angeles International Airport,US,2026-04-30,08:38:00,CM 1484,1484,2026-04-30T14:15:04.000Z,1527,UA,United Airlines,SLC,Salt Lake City International Airport,US,2026-04-30,09:09:00,Scheduled,SC,16.0,60.8,Cloudy,07,LAX,arrivals
NZ,NZ,Air New Zealand,LAX,Los Angeles International Airport,True,False,LAX,Los Angeles International Airport,US,2026-04-30,08:38:00,NZ 9043,9043,2026-04-30T14:15:04.000Z,1527,UA,United Airlines,SLC,Salt Lake City International Airport,US,2026-04-30,09:09:00,Scheduled,SC,16.0,60.8,Cloudy,07,LAX,arrivals
OZ,OZ,Asiana Airlines,LAX,Los Angeles International Airport,True,False,LAX,Los Angeles International Airport,US,2026-04-30,08:38:00,OZ 6517,6517,2026-04-30T14:15:04.000Z,1527,UA,United Airlines,SLC,Salt Lake City International Airport,US,2026-04-30,09:09:00,Scheduled,SC,16.0,60.8,Cloudy,07,LAX,arrivals
OO,OO|AS|JL|MH|TN,SkyWest,LAX,Los Angeles International Airport,False,False,LAX,Los Angeles International Airport,US,2026-04-30,08:39:00,OO 6210,6210,2026-04-30T12:51:40.000Z,6210,OO,SkyWest,AUS,Austin Bergstrom International Airport,US,2026-04-30,08:39:00,On Time,ON,16.0,60.8,Cloudy,07,LAX,arrivals
AS,AS,Alaska Airlines,LAX,Los Angeles International Airport,True,False,LAX,Los Angeles International Airport,US,2026-04-30,08:39:00,AS 4240,4240,2026-04-30T12:51:40.000Z,6210,OO,SkyWest,AUS,Austin Bergstrom International Airport,US,2026-04-30,08:39:00,On Time,ON,16.0,60.8,Cloudy,07,LAX,arrivals
JL,JL,Japan Airlines,LAX,Los Angeles International Airport,True,False,LAX,Los Angeles International Airport,US,2026-04-30,08:39:00,JL 7501,7501,2026-04-30T12:51:40.000Z,6210,OO,SkyWest,AUS,Austin Bergstrom International Airport,US,2026-04-30,08:39:00,On Time,ON,16.0,60.8,Cloudy,07,LAX,arrivals
MH,MH,Malaysia Airlines,LAX,Los Angeles International Airport,True,False,LAX,Los Angeles International Airport,US,2026-04-30,08:39:00,MH 9417,9417,2026-04-30T12:51:40.000Z,6210,OO,SkyWest,AUS,Austin Bergstrom International Airport,US,2026-04-30,08:39:00,On Time,ON,16.0,60.8,Cloudy,07,LAX,arrivals
TN,TN,Air Tahiti Nui,LAX,Los Angeles International Airport,True,False,LAX,Los Angeles International Airport,US,2026-04-30,08:39:00,TN 1187,1187,2026-04-30T12:51:40.000Z,6210,OO,SkyWest,AUS,Austin Bergstrom International Airport,US,2026-04-30,08:39:00,On Time,ON,16.0,60.8,Cloudy,07,LAX,arrivals
OO,OO|AA,SkyWest,LAX,Los Angeles International Airport,False,False,LAX,Los Angeles International Airport,US,2026-04-30,08:40:00,OO 3381,3381,2026-04-30T15:17:53.000Z,3381,OO,SkyWest,MFR,Rogue Valley International-Medford Airport,US,2026-04-30,09:05:00,Scheduled,SC,16.0,60.8,Cloudy,07,LAX,arrivals
AA,AA,American Airlines,LAX,Los Angeles International Airport,True,False,LAX,Los Angeles International Airport,US,2026-04-30,08:40:00,AA 7410,7410,2026-04-30T15:17:53.000Z,3381,OO,SkyWest,MFR,Rogue Valley International-Medford Airport,US,2026-04-30,09:05:00,Scheduled,SC,16.0,60.8,Cloudy,07,LAX,arrivals
DL,DL|AM|KE|LA|VS,Delta Air Lines,LAX,Los Angeles International Airport,False,False,LAX,Los Angeles International Airport,US,2026-04-30,08:44:00,DL 1087,1087,2026-04-30T15:23:14.000Z,1087,DL,Delta Air Lines,SLC,Salt Lake City International Airport,US,2026-04-30,08:48:00,On Ground,OG,16.0,60.8,Cloudy,07,LAX,arrivals
PR,PR,Philippine Airlines,LAX,Los Angeles International Airport,False,False,LAX,Los Angeles International Airport,US,2026-04-30,08:44:00,PR 112,112,2026-04-30T11:05:41.000Z,112,PR,Philippine Airlines,MNL,Ninoy Aquino International Airport,PH,2026-04-30,09:30:00,Scheduled,SC,16.0,60.8,Cloudy,07,LAX,arrivals
AM,AM,AeroMéxico,LAX,Los Angeles International Airport,True,False,LAX,Los Angeles International Airport,US,2026-04-30,08:44:00,AM 4386,4386,2026-04-30T15:23:14.000Z,1087,DL,Delta Air Lines,SLC,Salt Lake City International Airport,US,2026-04-30,08:48:00,On Ground,OG,16.0,60.8,Cloudy,07,LAX,arrivals
KE,KE,Korean Air,LAX,Los Angeles International Airport,True,False,LAX,Los Angeles International Airport,US,2026-04-30,08:44:00,KE 7272,7272,2026-04-30T15:23:14.000Z,1087,DL,Delta Air Lines,SLC,Salt Lake City International Airport,US,2026-04-30,08:48:00,On Ground,OG,16.0,60.8,Cloudy,07,LAX,arrivals
